LatinName,SpeciesName,JuvMor,AduMor,ClutchSize,AvgClutch,ShortLatinName
Gyps coprotheres,Cape vulture,0.3,0.08,1,1,G. coprotheres
Diomedea exulans,Wandering albatross,0.19,0.06,1,1,D. exulans
Thalassarche melanophris,Black-browed albatross,0.5,0.27,1,1,T. melanophris
Phoebastria immutabilis,Laysan albatross,0.5,0.15,1,1,P. immutabilis
Fulmarus glacialis,Northern fulmar,0.04,0.09,1,1,F. glacialis
Puffinus auricularis,Townsend's shearwater,0.34,0.11,1,1,P. auricularis
Calyptorhynchus lathami,Glossy Black Cockatoo,0.38,0.08,1,1,C. lathami
Aquila fasciata,Bonelli's eagle,0.26,0.22,2,1.5,A. fasciata
Haliaeetus leucocephalus,Bald eagle,0.5,0.125,2,2,H. leucocephalus
Haliaeetus albicilla,White-tailed eagle,0.28,0.12,2,1.7,H. albicilla
Milvus milvus,Red kite,0.21,0.14,2,2,M. milvus
Pernis apivorus,European honey buzzard,0.15,0.19,2,2,P. apivorus
Coragyps atratus,Black vulture,0.12,0.1,2,2,C. atratus
Bubo virginianus,Great horned owl,0.32,0.15,2,1.7,B. virginianus
Strix occidentalis,Northern spotted owl,0.74,0.16,2,2,S. occidentalis
Gavia immer,Great northern diver,0.8,0.07,2,1.8,G. immer
Anthropoides paradiseus,Blue crane,0.26,0.03,2,2,A. paradiseus
Pygoscelis adeliae,Adelie penguin,0.38,0.11,2,2,P. adeliae
Milvus migrans,Black kite,0.59,0.2,3,2.4,M. migrans
Buteo buteo,Common buzzard,0.25,0.12,3,2.8,B. buteo
Buteo jamaicensis,Red-tailed hawk,0.54,0.2,3,2.4,B. jamaicensis
Buteo solitarius,Hawai'ian hawk,0.4,0.08,3,2.4,B. solitarius
Falco concolor,Sooty Falcon,0.43,0.34,3,2.4,F. concolor
Falco peregrinus,Peregrine falcon,0.7,0.14,3,2.8,F. peregrinus
Ciconia ciconia,White stork,0.59,0.17,3,2.6,C. ciconia
Amazona vittata,Puerto Rican parrot,0.54,0.11,3,2.8,A. vittata
Ara glaucogularis,Blue-throated macaw,0.5,0.04,3,2.4,A. glaucogularis
Nipponia nippon,Crested Ibis,0.4,0.3,3,3,N.nippon
Bostrychia hagedash,Hadeda ibis,0.26,0.26,3,2.4,B. hagedash
Accipiter gentilis,Northern goshawk,0.6,0.19,4,3.5,A. gentilis
Buteo lineatus,Red-shouldered hawk,0.59,0.3,4,3.2,B. lineatus
Otus Otus scops,Eurasian Scops Owl,0.46,0.42,4,3.5,O. scops
Phalacrocorax auritus,Double-crested cormorant,0.68,0.15,4,3.5,P. auritus
Accipiter cooperii,Cooper's hawk,0.75,0.35,5,4.2,A. cooperii
Falco naumanni,Lesser kestrel,0.65,0.29,5,4.2,F. naumanni
Anser anser,Greylag goose,0.2,0.17,5,4.9,A. anser
Anser caerulescens,Snow goose,0.18,0.26,5,4.5,A. caerulescens
Somateria mollissima,Common Eider,0.24,0.24,5,4.9,S. mollissima
Platalea minor,Black-faced Spoonbill,0.6,0.17,5,4.9,P. minor
Lagopus leucura,White-tailed ptarmigan,0.75,0.5,6,5.8,L. leucura
Lagopus muta,Japanese rock ptarmigan,0.68,0.3,6,5.8,L. muta
Aythya affinis,Lesser scaup,0.42,0.4,10,9.9,A. affinis
